Chiara,Abastanotti,Zu dieser Autor:in gibt es noch keinen Text.
Afnan,Al-Jaderi,"Afnan Al-Jaderi beschäftigt sich unheimlich gerne mit Farben, Stiften, Pinseln und allem was dazu gehört wenn etwas Schönes entstehen will. Sie ist Illustratorin und hat eine Leidenschaft für Sprachen, weshalb sie Arabistik und Transkulturelle Kommunikation studiert hat."
Francisco,Álvarez,"Francisco Álvarez, geboren 1970 in Gijón (Asturien, Spanien), ist Journalist, Übersetzer und Autor. Nach einigen historischen Sachbüchern veröffentlichte er 2017 diesen Debütroman, der mit dem Premio Xosefa Xovellanos de novela, dem bekanntesten asturischen Literaturpreis, ausgezeichnet wurde."
William,Andrews,"William Andrews ist Autor und Übersetzer, kommt ursprünglich aus Großbritannien und lebt seit 2004 in Japan. 2016 publizierte er Dissenting Japan: A History of Japanese Radicalism and Counterculture, from 1945 to Fukushima. 2018 erscheint seine englische Übersetzung des preisgekrönten Theaterstücks Love’s Whirlpool (??? Ai no Uzu) von Daisuke Miura."
Andrea,Aprile,"Andrea Aprile, geboren 1982, zahlreiche Publikationen als Szenarist und Illustrator."
Armutskonferenz,,"Die ARMUTSKONFERENZ ist ein Netzwerk von über 40 sozialen Organisationen, Bildungs- und Forschungseinrichtungen. Sie thematisiert Hintergründe und Ursachen, Daten und Fakten, Strategien und Maßnahmen gegen Armut und soziale Ausgrenzung in Österreich"
Loreto,Aroca,"Loreto Aroca, geboren in Palma de Mallorca, Illustratorin und Comiczeichnerin."
Attac,,"ATTAC ist eine internationale Bewegung, die sich für eine demokratische und sozial gerechte Gestaltung der globalen Wirtschaft einsetzt."
Vincent,Bailly,"Vincent Bailly, geboren 1967 in Nancy, Kunststudium in Strasbourg, Illustrator und Comiczeichner."
Nanni,Balestrini,"Nanni Balestrini, geboren in Milano, gilt als wichtigster Chronologist der anni di piombo, der Phase des latenten Klassenkrieges im Italien der 1970er Jahre, und veröffentlichte mehrere Romane zu Themen wie Arbeiterautonomie, Jugendrevolte und bewaffneter Kampf in Italien. Als Aktivist der Potere Operaio und später der Autonomia Operaia betrieb er ein Verlagshaus in Mailand mit. Wie viele andere traf ihn die Repression: Am 7. April 1979 kam es zu einer konzentrierten Verhaftungswelle. Auch er stand auf den Fahndungslisten, kann jedoch durch eine Panne der Polizei gewarnt werden. Die Anklage lautet auf „bewaffnete Subversion“ und 19-fachen Mord. Mit Skiern flüchtet er über die Alpen nach Frankreich, wo er bis 1984 im Exil untertauchen kann, dann wird er freigesprochen. Gemeinsam mit Primo Moroni veröffentlichte er die Studie „Die goldene Horde“, ein Geschichtsband und Kompendium zahlreicher Originaltexte aus den 70er Jahren."
Francesco,Barilli,"Francesco Barilli ist Schriftsteller und betreibt die Seite: reti-invisibli.net. Er hat für den Verlag BeccoGiallo unterschiedliche Publikationen redaktionell betreut. Ausserdem ist er Autor von Scuola Diaz (Editions Alegre 2009), Piazza Fontana (zusammen mit Matteo Fenoglio, BeccoGiallo 2009) und Piazza della Loggia (BeccoGiallo 2012)."
John,Barker,"John Barker, lebt in London und Wien, Schriftsteller, Essayist und Performer, konzentriert sich seit den 1970er Jahren auf die theoretische und praktische Kritik in Themenbereichen wie Ökonomie, geopolitischen Dynamiken und der Ausbeutung durch Arbeit. Sein Roman Futures erschien bei PM Press und seine Essays bei Magazinen wie Mute, Telepolis, Adbusters, Capital and Class und Variant."
Nicolás,Bautista,"Nicolás Rodríguez Bautisa, geboren 1950 in Kolumbien, wurde in seinem Dorf in den Bergen von Santander «Nicolacito» gerufen und ist seit 1998 als erster Kommandant der ELN unter dem Alias «Gabino» bekannt. Er war mit 14 Jahren und seit Beginn der ELN in den Reihen der Guerilla."
Beigewum,,"BEIGEWUM ist der Bei­rat für gesellschafts?, wirt­schafts- und umwelt­po­li­ti­sche Alter­na­ti­ven, ein Ver­ein von Sozi­al­wis­sen­schaf­te­rIn­nen aus unter­schied­li­chen Dis­zi­pli­nen, der das Ziel ver­folgt, Ergeb­nis­se kri­ti­scher For­schungs­tä­tig­keit in die lau­fen­de poli­ti­sche Debat­te einzubringen."
Arturo,Benvenuti,"Arturo Benvenuti, geboren im Treviso, Literat, Maler, Kunstkritiker und Forscher. Bis heute kombiniert er sein soziales und politisches Engagement mit der Förderung von Kunst und Fotografie durch Ausstellungen in der ganzen Welt."
Jean-Yves,Bériou,"Jean-Yves Bériou war in den 1970er Jahren an der kommunistischen Zeitschrift Le Voyou beteiligt, die damals, wie Négation, Intervention communiste usw., Teil einer intensiven theoretischen Diskussion war. Mittlerweile lebt er als Dichter und Übersetzter in Barcelona."
Julia,Billet,"Julia Billet, geboren 1961, lebt als Schriftstellerin in Paris. Der der Graphic Novel zugrundeliegende biografische Roman ""La Guerre de Catherine"" erschien 2012."
Auguste,Blanqui,"Auguste Blanqui verbrachte als französischer Revolutionär, Ehrenmitglied der Pariser Kommune, Literat und Barrikadenkämpfer fast 35 Jahre im Kerker, wo er schrieb und studierte."
Zaschia,Bouzarri,Zascha Bouzarri ist an der internationalen Zeitschrift SIC beteiligt.
Maurice,Brinton,"Maurice Brinton schrieb und übersetzte ab den 1960er Jahren für die britische libertär-sozialistische Gruppe Solidarity, beschäftigte sich mit anti-autoritären Strömungen innerhalb der ArbeiterInnenbewegung und nahm an den revolutionären Streiks und Umstürzen seiner Zeit teil, etwa in Belgien, Paris und Portugal und verfasste als Augenzeuge auch Berichte darüber. Er gilt als einer der weitsichtigsten und bekanntesten Theoretiker der Arbeiterautonomie Englands."
Chester,Brown,"Chester Brown, geboren 1960 in Montreal, lebt heute als Comic-Ku?nstler in Toronto. Sein gro?ßter Erfolg Louis Riel wurde fu?r zwei Eisner-Awards nominiert und vom Time Magazine unter die besten 10 Comics des Jahres 2003 gewa?hlt."
Os,Cangaceiros,"Os Cangaceiros bildeten sich aus dem Milieu der gescheiterten Rebellion im Mai 1968 in Frankreich. Sie nahmen sich die Verweigerung der Lohnarbeit zu Herzen und organisierten ihre Leben im Widerstand zu den bestehenden Verhältnissen. Somit standen sie von Beginn an mit einem Fuss im Kriminal. Sie reisten durch ganz Europa und beteiligten sich an den jeweiligen lokalen Revolten der 1970er und Anfang der 1980er Jahre. Mitte der 80er Jahre führten ihre Erfahrungen mit der Justiz und dem Gefängnissystem dazu, eben diese anzugreifen. Die meisten der in diesem Buch abgedruckten Texte stehen im Kontext ihrer Aktivitäten gegen die Gefängnisse. Neben der Sammlung aller wesentlichen Texte folgen am Ende Anschlagserklärungen, die einen Einblick in den vielfältigen und kreativen Aktionismus der Gruppe ermöglichen."
Lorena,Canottiere,"Lorena Canottiere, ist eine der profiliertesten Illustratorinnen und eine der erfolgreichsten Comiczeichnerinnen Italiens, veröffentlicht seit 2010 zu Dadaismus, Spanischem Bürgerkrieg und anderen Themen."
Daniel,Casanave,"Daniel Casanave, Comiczeichner, Schriftsteller und Bühnenbildner, trat zuletzt durch die Comic-Adaption Sapiens von Yuval Noah Harari in Erscheinung."
Alfredo,Castelli,Zu dieser Autor:in gibt es noch keinen Text.
Céka,,"Céka, Musikjournalist, Songwriter und Szenarist von mehr als 30 Comicalben."
Alfons,Cervera,"Alfons Cervera, geboren 1947 in Gestalgar (Valencia), ist Autor von mehr als 20 Werken auf Spanisch und auch auf Katalanisch. Ein wichtiger Teil seiner erza?hlerischen Arbeit ist mit dem historischen Geda?chtnis verbunden. Mehrere seiner Bu?cher wurden in andere Sprachen u?bersetzt, vor allem ins Franzo?sische, wo einige von ihnen Teil des literarischen Kanons in den Schulen sind. Zuletzt erschienen: La noche en que los Beatles llegaron a Barcelona (2018)."
Pedro J.,Colombo,"Pedro J. Colombo, geboren 1978 im spanischen Granollers, zeichnet seit dem 14. Lebensjahr Comics, zahlreiche Veröffentlichungen."
Agustín,Comotto,"Agustín Comotto, geboren in Buenos Aires (Argentinien), flüchtete nach dem Militärputsch 1976 mit seiner Familie nach Spanien, wo er heute als Illustrator und Zeichner tätig ist."
Jesús,Cossío,Zu dieser Autor:in gibt es noch keinen Text.
Mila,Cotlenko,Zu dieser Autor:in gibt es noch keinen Text.
The Real,Crime Inc,Ist eine informelle Autor_innengruppe aus dem literarischen Zwielicht Wiens
Renato,Curcio,"Renato Curcio, geboren in Rom, studierte Soziologie, heiratete Mara Cagol, bevor er als Militanter der Roten Brigaden 22 Jahre in Haft verbrachte."
Damien,Cuvillier,"Damien Cuvillier ist ein junger, belgischer Comicku?nstler, zahlreiche Vero?ffentlichungen."
Marcelo,D´Salete,"Marcelo D´Salete ist Illustrator, Lehrer und Comic-Autor."
Ryszard,Dabrowski,"Ryszard Dabrowski, Graphiker und Autor, geboren in Paris, lebt in Poznan und ist Polens bekanntester Underground-Punk-Comic- Zeichner."
Dimitris,Dalakoglous,"Geboren in Athen. Übersetzte zahllose Texte zur Revolte in Griechenland 2008 auf dem Blog Occupied London. Publizierte zu Urbanismus, zur Krise in Griechenland und ist Professor für Sozialantrophologie in Amsterdam."
Manuel,de Carli,"Manuel de carli wurde in Trento geboren und lebt in Rom. Seit 1996 zeichnet er für zahlreiche Comic-Magazine. Er hat an einigen Publikationen mitgearbeitet, unter anderem: Fortezza Europa (Rabbit 2006), Resistenze (BeccoGiallo 2007). Er ist Autor von Intimo Cucito (Centro Fumetto Andrea Pazienza 2007) und zusammen mit Alessandro di Virgilio von Thyssenkrupp (BeccoGiallo 2009) Manuel de Carli ist Teil des Kollektivs Fumetti partigiani."
Arnaud,Delalande,"Arnaud Delalande, geboren 1971 in Herblay-sur-Seine, Autor von mehr als 30 Comics und zahlreichen historischen Romanen."
Nikolaus,Dimmel,"Nikolaus Dimmel ist Jurist, Soziologe und Politikwissenschafter, Experte in Sozialwirtschaft (Soziale Dienste), Sozialverwaltung und Sozialpolitik."
Ines,Doujak,"Ines Doujak, geboren 1959 in Klagenfurt, ist feministische Künstlerin, die mit Installationen, Photographie und Konzeptkunst arbeitet. Teilnahmen an zahlreichen Ausstellungen, etwa Documenta 12 in Kassel, «The Beast and the Sovereign» im MACBA in Barcelona, und weiteren in Zürich, London, Montréal, Wien und Grafenegg. Zuletzt untersuchte sie Textilien und ihre globale Geschichte, die durch kulturelle, Klassen- und Geschlechterkonflikte gekennzeichnet ist und publizierte gemeinsam mit Oliver Ressler zu Utopien (Utopien Pulse – Flares in the Darkroom, Pluto Press 2015)."
Aurélien,Ducoudray,"Aurélien Ducoudray, geboren 1973 in Chateauroux (F), Journalist, Fotograf und Comicszenarist. Zahlreiche Veröffentlichungen."
Vincent,Dugomier,"Vincent Dugomier, geboren 1964 in Uccle (Belgien), Szenarist, Karikaturist und Autor, beteiligt an Spirou, Marsupilami und Muriel & Boulon."
Ale,Dumbsky,"Militanter mittleren Alters sitzt in Hamburg und hat dort das Reden auf drei Stühlen entwickelt. Er kann sich in einem Vortrag von Max Stirner, HSV Alt-Hooligans, nervigen Kreativlingen, Ulrike Meinhof, der österreichischen Straßenverkehrsordnung, William S. Borroughs bis hin zu anonymen italienischen Insurrektionalisten hangeln, ohne dass es blöd auffällt."
Morten,Dürr,"Morten Dürr ist Autor mehrerer Bücher, lebt in Kopenhagen und hat zwei Kinder."
Christian,Dürr,"Christian Dürr, arbeitet seit vielen Jahren für die KZ-Gedenkstätte Mauthausen und ist Kurator der dortigen Dauerausstellungen. Als Research Fellow am Centro de Estudios sobre Genocidio der Universidad Nacional de Tres de Febrero in Buenos Aires beschäftigte er sich mit Zeugnissen von Überlebenden der geheimen Folterlager während der argentinischen Militärdiktatur. Zahlreiche wissenschaftliche und journalistische Artikel zu den Themen Erinnerung, Nationalsozialismus und argentinische Militärdiktatur. Die Befreiung oder Marcellos Ende ist sein Romandebüt."
Walter,Ego,"Walter Ego lebt in Wien. Er hat an der Akademie der bildenden Künste in Wien in der PsychoConceptualArtPractices-Klasse Kunst studiert. Er hat je einen Preis gewonnen, noch ein Stipendium bekommen. Er war auch nie in einem Artistin-Residence- oder Fellowship-Programm und kann auch sonst auf keine längeren Auslandsaufenthalte verweisen. Er ist auch durch keine Galerie vertreten. Aber er macht jetzt Therapie. Seit zwei Jahren lehrt er bildnerische Emanzipation an einem Gymnasium in Wien. Er tritt gelegentlich in Erscheinung."
Rodrigo,Elgueta,"Rodrigo Elgueta, geboren 1971 in Santiago de Chile, Illustrator und Lehrer für bildende Kunst. Zahlreiche Veröffentlichungen für verschiedene Verlage, Ausstellungen in Chile, Spanien, Argentinien, Italien, USA und Kolumbien."
Alexandre,Elsig,"Alexandre Elsig ist Doktor der Geschichte. ""Die Aktionsliga der Bauarbeiter"" ist ein grosszügig illustriertes Buch und ein Resultat aus seiner 2009 an der Universität Freiburg eingereichten Masterarbeit. Seither widmet er seine Forschungen einer Kulturgeschichte der Schweiz während dem Ersten Weltkrieg. Die Schweiz und die deutsche Propaganda während dem Ersten Weltkrieg."
BenoÎt,Ers,"BenoÎt Ers, geboren 1971 in Liege (Belgien), Illustrator, bereits 1988 in Angoule?me mit dem Jugendpreis ausgezeichnet, zahlreiche Vero?ffentlichungen, meist mit Vincent Dugomier."
Éspe,,"Éspe, geboren 1974, Comiczeichner und Karikaturist, zahlreiche Veröffentlichungen bei den großen französischen Comicverlagen und in der Tageszeitung l´Humanité."
Rob,Evans,"Rob Evans arbeitet für The Guardian, jene Tageszeitung aus London, die seit der Veröffentlichung von Edward Snowdens Informationen über das Ausmass der globalen Bespitzelung der Internet-Kommunikation durch die NSA im Jahr 2013 im Fokus der Debatte um ausufernde staatliche Überwachungsmassnahmen steht."
Thomas,Fatzinek,"Thomas Fatzinek wurde in Linz geboren. Nach Abbruch der Schule und einer Lehre als Lithograph folgten Tätigkeiten als Altenhelfer, Häftlingsbetreuer, Lagerarbeiter, Siebdrucker, Spengler, Leiharbeiter, Scanner Operator, Briefträger und Zugfahrer im Zoo Schönbrunn. Er machte 2004 seine Diplomprüfung an der Wiener Kunstschule und beteiligte sich seither an mehreren Austellungen in Österreich, Deutschland und China."
Claire,Fauvel,"Claire Fauvel, geboren 1988 in Paris, Illustratorin und Comiczeichnerin, zahlreiche Veröffentlichungen, ausgezeichnet mit dem renommierten Preis des Festival d´Angoulême."
Wera,Figner,"Russische Revolutionärin der Narodnaja Wolja, verbrachte 20 Jahre im Kerker der Schlüsselburg in St. Petersburg."
Georg,Fingerlos,Er ist Historiker und Übersetzer und lebt in Wien.
Mario,Frisetti,Zu dieser Autor:in gibt es noch keinen Text.
Gaet's,,Zu den bekanntesten Werken des franzo?sichen Szenaristen Gaet ?s za?hlen neben The Beatles seine Bu?cher u?ber Bob Marley und The Doors.
Bertrand,Galic,"Bertrand Galic, geboren 1974 in der Bretagne, Szenarist, vero?ffentlichte mehrere Bu?cher mit Kris."
S?tefan,Gali?,"S?tefan Gali?, geboren 1944 in einer ungarischen Familie im zweisprachigen Lendava/Lendva, Slowenien. Lebte bis zu seinem frühen Tod 1997 als Maler und Druckgrafiker in Lendava. Ab 1970 über 70 Einzelausstellungen und Teilnahme an 230 Gruppenausstellungen in Slowenien und international sowie nationale und internationale Preise und Auszeichnungen. Gali? ist einer der bedeutendsten Grafiker im Slowenien der Nachkriegszeit."
Antonio,García,"Antonio García, geboren 1956 im südlichen Department Putumayo, trat der ELN mit 19 Jahren bei, als er in Santander Ingenieurswissenschaften studierte. Nach zwei Jahren ging er in den Untergrund und seit 1983 ist er der zweite Kommandant der Organisation."
Guy-Pierre,Gautier,"Guy-Pierre Gautier, geboren 1925 in La Rochelle (Frankreich), 2015 mit der Légion d’honneur geehrt, Ehrengast der 75. Befreiungsfeier in Dachau im April 2020."
Eva,Geber,"Eva Geber, geboren 1941 in Wien, Grafikerin, Autorin, Kulturpublizistin. 22 Jahre Arbeit in einer selbstverwalteten Druckerei. 35 Jahre Mitherausgeberin von AUF-Eine Frauenzeitschrift. Ihre Buchpublikationen sowie zahlreiche Veröffentlichungen in Zeitschriften und Anthologien gelten den feministischen Vorkämpferinnen, die sie in Erinnerung ruft. Für ihr Buch Der Typus der kämpfenden Frau – Frauen schreiben über Frauen in der Arbeiter-Zeitung von 1900–1933 erhielt sie 2013 den Bruno-Kreisky-Anerkennungspreis für das politische Buch."
Mario,Gomboli,Zu dieser Autor:in gibt es noch keinen Text.
Rudi,Gradnitzer,Rudi Gradnitzer ist Ökonom und lebt in Wien.
Dave,Hann,Zu dieser Autor:in gibt es noch keinen Text.
Monika,Helfer,"Monika Helfer, geboren in Au im Bregenzerwald, hat zahlreiche Romane, Erzählungen und Kinderbücher veröffentlicht und wurde dafür vielfach ausgezeichnet."
Gord,Hill,Gord Hill ist Autor und Comiczeichner und lebt in British Columbia. Er ist Angehöriger der Kwakwaka‘wakw und engagiert sich seit 1990 in der indigenen und der Antiglobalisierungsbewegung.
Sebastian,Hofer,"Sebastian Hofer, geboren 1979, arbeitet als Redakteur für das Nachrichtenmagazin profil und lebt in Wien."
Cvetka,Hojnik,"Cvetka Hojnik, geboren in Murska Sobota/Slowenien, lebt und arbeitet in Lendava. Neben bildnerischer Arbeit auch Unterrichtstätigkeit sowie Gestaltung von Kunst- und Poesiebüchern."
Lars,Hornemann,Lars Horneman aus Kopenhagen ist ein preisgekrönter Illustrator und wirkte bereits an über 100 Kinderbüchern und Comics mit.
Prole,. Info,"Prole.Info ist ein politisches Kollektiv aus den USA. Prole steht dabei für „proletarisch“, ein Wort, dass von Karl Marx verwendet wurde, um die Arbeiterklasse im Kapitalismus zu beschreiben. Es bezeichnet alle Leute, die kein Eigentum und kein Kapital besitzen, um zu Geld zu kommen, und deswegen dazu gezwungen sind, ihre Lebenszeit und ihre Energie an die Chefs zu verkaufen."
Bruno,Jasien?ski,"Bruno Jasien?ski, geboren 1901 in Klimonto?w, Enfant terrible des polnischen Futurismus der Zwischenkriegszeit, Poet und Autor, Dichter und Kommunist."
Robert,Jurak,"Robert Jurak, geboren am 1967 in Logarovci/Slowenien, wo er als Schlosser, Bildhauer und Maler lebt und arbeitet. Zahlreiche Ausstellungen und Landart-Projekte in Slowenien, Kroatien, Serbien, Ungarn und Österreich."
Jan,Karski,Jan Karski ist einer der maßgeblichsten Zeugen des Holocausts. 1992 wurde er von Yad Vashem in die Liste der Gerechten unter den Völkern aufgenommen und zu einem Ehrenbürger Israels ernannt.
Philipp,Katsinas (Hg.),"Philipp Katsinas, geboren in Innsbruck, ist Soziologe und Urbanist am King´s College in London."
Adnan,Keskin,"Adnan Keskin, 1957 bei Artvin in Nordostanatolien geboren, schließt sich als Schüler der linken Bewegung an, beteiligt sich am Aufbau von Devrimci Yol (Revolutionärer Weg) bricht 1978 aus der Haft aus und wird nach dem Militärputsch 1980 erneut verhaftet und wegen eines Überfalls auf eine Gendarmeriestation zum Tode verurteilt. Er flieht 1987 aus dem Militärgefängnis Erzincan, lebt bis zu seinem Tod 2014 im Exil, engagiert sich im Projekt «Erinnern und Handeln für die Menschenrechte» im Kölner Allerweltshaus und initiiert das Menschenrechtsfestival in Köln. Sein autobiografischer Roman Unbedingt Blau erzählt von der Sehnsucht nach Freiheit, den Ausbrüchen aus der Haft sowie dem Aufbruch und der Niederlage der revolutionären Linken der 1970er und 1980er Jahre in der Türkei."
Jakob,Klemencic,"Jakob Klemencic, geboren 1968, zählt zu den herausragenden Comic-Autoren Sloweniens."
Ruth,Klüger,"Ruth Klüger, 1931 in Wien geboren, überlebte mit ihrer Mutter mehrere KZs und wanderte nach dem Krieg in die USA aus. Nach einer Karriere in mehreren amerikanischen Universitäten, darunter Princeton, ist sie heute emeritierte Professorin für Germanistik an der University of California Irvine. Sie beschrieb ihre Jugenderlebnisse in ihrem bekanntesten und vielfach übersetzten Buch, der Autobiografie weiter leben. Eine Jugend (1992) und erhielt seither zahlreiche Auszeichnungen. Am meisten freut sie der Rauriser Literaturpreis (1992), der ihr lieb ist, weil er aus Österreich kommt und der Prix de la Shoah, weil er ein internationaler Preis ist, der in Paris vergeben wird."
Dimitris,Koufontinas,"Dimitris Koufontinas, geboren 1958 in Griechenland, mehr als 20 Jahre als Mitglied der Revolutionären Organisation des 17. November aktiv und an zahlreichen Attentaten, Überfällen und Anschlägen beteiligt."
Kris,,"Kris, geboren 1972 in Brest in der Bretagne, Szenarist, vero?ffentlicht regelma?ßig bei den großen franzo?sischen Comicverlagen."
Aintzane,Landa,"Aintzane Landa, geboren 1980 im spanischen Barakaldo, Coloristin vieler Bände."
Tatiana,Lecomte,"Tatiana Lecomte, geboren 1971, studierte freie Grafik an der Universität für angewandte Kunst Wien und Fotografie an der Rietveld Academie in Amsterdam. Seit 2000 als freischaffende Künstlerin tätig."
Tristan,Leoni,Tristan Leoni animiert zusammen mit Gilles Dauvé den Blog ddt21.noblogs.org.
David,Lester,"David Lester ist der Gitarrist des Underground-Rock-Duos Mecca Normal. Das Duo hatte großen Einfluss auf die Entwicklung jener sozialen Bewegung, die als Riot Grrrl bekannt wurde. Sein Poster des Antimilitaristen Malachi Ritscher wurde im Whitney Museum of American Art in New York aufgenommen. Er ist Autor und Illustrator von The Gruesome Acts of Capitalism und der Graphic Novel The Listener. Derzeit arbeitet er an einer Comic-Biographie von Emma Goldman."
Paul,Lewis,"Paul Lewis arbeitet für The Guardian, jene Tageszeitung aus London, die seit der Veröffentlichung von Edward Snowdens Informationen über das Ausmass der globalen Bespitzelung der Internet-Kommunikation durch die NSA im Jahr 2013 im Fokus der Debatte um ausufernde staatliche Überwachungsmassnahmen steht."
Bicycle,Liberation Front,"Die Bicycle Liberation Front (BLF) ist eine Wiener situationistische Gruppe aus dem Milieu der revolutionären Transition des Fahrrads, welches sich in diversen selbstorganisierten Werkstätten und Demonstrationen wie Critical Mass oder RAF – Radfahren am Freitag verortet und konstitutiert hat."
Éric,Liberge,"Éric Liberge, geboren 1965 in Frankreich, lebt als Comiczeichner in Bordeaux, zahlreiche Serien und Einzelbände, Auszeichnung mit dem Prix René Goscinny des Comicfestivals in Angoulême 1999."
Alexander,Lippmann,"Alexander Lippmann, geboren 1978 in Niederösterreich, ist Autor, Übersetzer und Sänger. Er lebt und arbeitet in Wien."
Verena,Loisel,"Verena Loisel, geb. 1993 in Wien, Illustratorin und Comiczeichnerin, studierte an der Wiener Kunstschule, ist an zahlreichen Comic-Projekten beteiligt, etwa den ASH – Austrian Superheroes."
Lucie,Lomová,"Lucie Lomova?, geboren 1964, ist Comiczeichnerin, Ku?nstlerin und lebt in Prag."
Occupied,London#5,"AutorInnen:
 
 
 
 Dimitris Dalakoglous
 
 1975, Athen
 
 Übersetzte zahllose Texte zur Revolte in Griechenland 2008 auf dem Blog Occupied London. Publizierte zu Urbanismus, zur Krise in Griechenland und ist Professor für Sozialantrophologie in Amsterdam.
 
 
 
 Andy Merrifield
 
 1960, Liverpool
 
 Essayist, Geograph, Urbanist, Marxist und Schüler von David Harvey.
 
 
 
 Gal Kirn
 
 1980, Ljubljana
 
 Politikwissenschafter mit dem Schwerpunkten sozioökonomische Geschichte und Kulturgeschichte des sozialistischen Jugoslawiens, Sozialismus, Post-Sozialismus, Erinnerungskulturen, Theorien politischer Herrschaft und des sozialen Wandels. In seiner Heimatstadt Ljubljana wirkt er am Projekt Delavsko-punkerska univerza (Worker's Punk University) mit und schrieb für die slowenische Wochenzeitschrift Objektiv.
 
 
 
 John Berger
 
 1926–2017
 
 John Berger war ein englischer Schriftsteller, Maler und Kunstkritiker, bekannt für seine historische Trilogie zum bäuerlichen Leben und seine finanziellen Unterstützung der Black Panther Party.
 
 
 
 Dawn Paley
 
 1986, Vancouver
 
 Dawn Paley ist Journalistin, publizierte zum Krieg gegen Drogen und studiert an der autonomen Universität in Puebla, Mexico."
Sebastian,Lotzer,"Sebastian Lotzer heisst im wirklichen Leben ganz anders, hält sich mit Lohnarbeit über Wasser und berichtet ab und zu unter diversen Pseudonymen im Netz und an anderer Stelle über die Welt der Revolten und Aufstände."
Emilio,Lussu,"Emilio Lussu aus Sardinien, Offizier im 1. Weltkrieg, Schriftsteller, Antifaschist und Politiker der Sardischen Aktionspartei. 1926 inhaftiert in Limpari, 1929 Flucht nach Frankreich und Mitglied von Giustizia e liberta. Nach Kriegsende Abgeordneter zum italienischen Parlament. Beim Folio-Verlag erschienen vom selben Autor ""Marsch auf Rom und Umgebung und Ein Jahr auf der Hochebene."""
Martin,Lux,"Martin Lux, geboren in London, Sohn irischer Einwanderer, hat sein Leben dem Kampf gegen den Faschismus gewidmet. Verfasser zahlreicher Artikeln, weiters von ihm erschienen: Camden Parasites (Phoenix Press, London 2007)"
Michels,Mabel,"Unter dem Pseudonym Michels Mabel verbirgt sich ein franzo?sischer Comicszenarist, der u.a. auch Comics zu Jacques Brel und Baudelaire vero?ffentlichte."
Julia Maria,Makoschitz,"Julia Maria Makoschitz, geboren 1990, studierte an der Universität der Angewandten Künste in Wien und an der Escuela di Arte y Disenio in Valencia/Spanien. Sie ist Performance- und Video-Künstlerin, Musikerin und Lehrerin der künstlerischen Fächer. Lebt und arbeitet in Wien."
Jannis,Mallouchos,"Jannis Mallouchos, geboren in Athen, studierte Komposition und Musiktheorie an den Musikuniversitäten in Graz und Wien und ist Doktorand in Musikwissenschaft an der Universität für Musik und darstellende Kunst Wien."
Milo,Manara,Zu dieser Autor:in gibt es noch keinen Text.
Jesús,Marchamalo,"Jesús Marchamalo, geboren 1960 in Madrid, Schriftsteller, Kurator und Journalist bei Radio Nacional de España und Televisión Española, zahlreiche Veröffentlichungen und Preise."
Matteo,Mastragostino,Zu dieser Autor:in gibt es noch keinen Text.
Andy,Merrifield,"Andy Merrifield, geboren 1960 in Liverpool, marxistischer Geograph, Urbanist und Lektor, bekannt durch zahlreiche Artikel und Bücher."
Karen,Messing,"Karen Messing, Professorin an der Université du Québec à Montréal in Kanada, ist eine vielfach ausgezeichnete und international anerkannte Expertin für Arbeitsmedizin. Sie ist Autorin von mehr als 130 peer-reviewed Artikeln, Studien und Büchern. Ihr neues Buch Unsichtbare Schmerzen erschien bereits auf Englisch, Französisch und Koreanisch."
Markus,Metz,"Markus Metz, geboren 1958, Studium der Publizistik, Politik und Theaterwissenschaft in Berlin, lebt als freier Journalist und Autor in München."
Louise,Michel,"Louise Michel war eine französische Anarchistin, Lehrerin und Autorin. Nach ihrer Teilnahme an der Pariser Kommune 1871 verbrachte sie neun Jahre in der Verbannung in Neukaledonien und danach weitere zwei Jahre in Frankreich im Gefängnis wegen Anstiftung zu Plünderungen. Sie gilt als die bekannteste Revolutionärin Frankreichs und verfasste zahlreiche Reden, Dramen und Romane, doch bisher wurden nur ihre Memoiren 1962 in der DDR auf Deutsch übersetzt."
Dasko,Milinovic,"Dasko Milinovic, Historiker, Radiojournalist, lebt und arbeitet in Novi Sad. Zahlreiche Veröffentlichungen zur Zeitgeschichte."
Berthold,Molden,"Berthold Molden, Historiker, lehrt und forscht über die Ideengeschichte des Kalten Krieges und der Entkolonisierung. 2018 leitete er das Projekt «Gekreuzte Geschichten. Mexikoplatz 1938–2018»."
Jean-David,Morvan,"Jean-David Morvan, geboren 1969, lebt und arbeitet in Reims als Szenarist und Autor, etwa der Comic-Serie Spirou und Fantasio."
Johann,Most,"Johann Most, (1846–1906), Propagandist und Revolutionär, lebte in Deutschland, Wien, London und New York."
Emmanuel,Moynot,"Emmanuel Moynot, geboren 1960 in Paris, zeichnete bereits mehr als 40 Geschichten, zudem musiziert er und engagiert sich in der Gewerkschaft CGT."
Salo,Muller,"Salo Muller, geboren 1936 in Amsterdam, Physiotherapeut von Ajax Amsterdam, Autor."
Ahmet,Muminovi?,"Ahmet Muminovi?, geboren 1945 in Sarajevo, ist einer der produktivsten Comicautoren Jugoslawiens. Seine Werke wurden bisher ins Chinesische, Französische, Finnische, Spanische und Türkische übersetzt."
Gaspard,Nock,"Gaspard Njock, geboren 1985 in Douala (Kamerun), studierte in Rom und lebt heute als Comiczeichner und Opernliebhaber in Paris."
Alfred J.,Noll,Alfred J. Noll ist Rechtsanwalt und Universitätsprofessor für Öffentliches Recht und Rechtslehre in Wien.
Tiburce,Oger,"Tiburce Oger, geboren 1967 in Paris, Trickfilmer, Comic-Autor und Zeichner, veröffentlichte zahlreiche Serien und Alben, zumeist im Fantasy-Genre, wohnt heute in Angoulême."
Rafael,Ortiz,"Rafael Ortiz, geboren 1983 in Buenos Aires, Comiczeichner und Illustrator, zahlreiche Veröffentlichungen in den USA und Frankreich."
Sevasti,Pagania,"Sevasti Pagania ist Architektin und leidenschaftliche Köchin. Sie wurde in Ioannia geboren, einer im Nordwesten Griechenlands gelegenen Kleinstadt. Momentan lebt sie in Thessaloniki und arbeitet unter anderem in einer kollektiv verwalteten Taverne."
Richard,Parry,Er studierte am University College London und arbeitet als Anwalt.
Wolfgang,Paterno,"Wolfgang Paterno, seit 2005 Redakteur des Wiener Nachrichtenmagazins profil, letzte Veröffentlichung: «So ich noch lebe...» – Meine Annäherung an den Großvater (Haymon 2020)."
Jordi,Peidro,"Jordi Peidro, geboren 1965 in Spanien, Comiczeichner und Autor zahlreicher Theaterstücke und Romane."
Ana,Penyas,"Ana Penyas, geboren 1987 in Valencia, wurde 2018 als erste Frau mit dem höchsten spanischen Comicpreis Premio Nacional del Cómic ausgezeichnet."
Zoran,Petakov,"Zoran Petakov, geboren 1976 in Novi Sad, Aktivist und Autor, engagiert sich in der Gedenkpolitik."
Stéphane,Piatzszek,"Stéphane Piatzszek, geboren 1971, ist Szenarist, Lehrer, Journalist und TV-Drehbuchautor. Die Insel der Gerechten widmet er seinen Großeltern Suzanne und Henri Cohen."
Robert,Pichler,"Robert Pichler, ist Historischer Anthropologe und Fotograf am Forschungsbereich Balkanforschung an der Österreichischen Akademie der Wissenschaften. In seiner Arbeit befasst er sich mit Migration in, aus und nach Südosteuropa, mit bildwissenschaftlichen Fragestellungen und sozialgeschichtlichen Themen. Als Fotograf arbeitet er an der Schnittstelle zwischen Dokumentar- und Kunstfotografie."
Uroš,Potocnik,"Uroš Potocnik, geboren 1974 in Slovenj Gradec/Slowenien, lebt als bildender Künstler in Bele Vode. Zahlreiche internationale Ausstellungen."
Hana,Puchová,"Hana Puchová, geboren 1966, studierte Illustration und Grafik in Prag, lebt und arbeitet in Ostrava."
Edit,Pula,"Edit Pula(j) ist Künstlerin, Kuratorin, Musikproduzentin und Kulturberaterin des Bürgermeisters von Tirana. Ihre jüngsten Projekte waren ortsspezifische Installationen und partizipative Kunstprojekte, die aus dem kulturellen Gedächtnis Albaniens schöpfen. Gemeinsam mit Joe Boyd und Andrea Görtler hat sie das preisgekrönte Musikprojekt Saz’iso geschaffen. In Tirana leitet sie das CLOUD Projekt als eine der wichtigsten kulturellen Initiativen des Landes."
Marijan,Pušavec,"Marijan Pušavec, geb. 1962, ist Zeitschriftenredakteur, Kritiker und Kurzgeschichtenautor. Als Co-Szenarist schuf er zusammen mit Vittorio de la Croce (Zoran Smiljani?) das Comic-Serial Hardfuckers 1–3 (das 1987-1990 in Fortsetzungen in der Wochenzeitschrift Mladina und 1999 als Album erschien). Ebenfalls in Zusammenarbeit mit Zoran Smiljani? entstand das Szenario für das Comic-Serial Die Mexikaner (2006-2016, fünf Bände). Pušavec ist zudem Szenarist der 2015 erschienenen Graphic Novel Alma M. Karlin – Svetovljanka iz province (Alma M.- Karlin – Weltbürgerin aus der Provinz) über die aus Celje stammende deutschsprachige Autorin und Weltreisende Alma M. Karlin."
Christian,Rabl,"Christian Rabl, geboren 1979 in Lilienfeld, Historiker, Mitarbeiter des Gedenkvereins MERKwürdig in Melk/Donau, Lehrbeauftragter am Institut für Zeitgeschichte in Wien. Dissertation zur juristischen Ahndung von Verbrechen im Zusammenhang mit dem Mauthausen-Komplex. Weitere Veröffentlichungen u.a. Das KZ-Außenlager St. Aegyd am Neuwalde."
Florian,Rainer,"Florian Rainer, geboren 1982 in Leoben, hat in Wien Soziologie und Sozioökonomie studiert. Er arbeitet als Portrait- und Reportagefotograf fu?r nationale und internationale Magazine. Zudem konzentriert er sich auf freie ku?nstlerische Projekte. Seine freie Arbeit zeichnet sich durch einen reflektierten Umgang mit Fotografie und einen oft soziologischen Blick auf Menschen aus. Zuletzt (2015) veröffentlichte er den Band Fluchtwege, in dem die Migrationsbewegung im Herbst 2015 in Österreich auf konzeptuelle Weise beschrieben wird."
Alessandro,Ranghiasci,Zu dieser Autor:in gibt es noch keinen Text.
Richard,Rashke,"Er ist Journalist, Saxophonspieler und Historiker und unterrichtete an der American University und an der University of Maryland."
Javi,Rey,"Javi Rey, geboren 1982 in Brüssel, studierte an der katalanischen Grafikschule Escola Joso und lebt als Comiczeichner in Barcelona."
Carlos,Reyes,"Carlos Reyes, geboren 1967 in Santiago de Chile, Szenerist, audiovisueller Kommunikator und Lehrer. Teilnahme und Organisation mehrerer Comic-Festivals, verfasste Essays, Prologe und Comic-Scripts für zahlreiche chilenische und internationale Veröffentlichungen."
Luis,Rossell,Zu dieser Autor:in gibt es noch keinen Text.
Tore,Rørbæk,"Tore Rørbæk ist Politikwissenschafter, Journalist und Nahostberichterstatter fu?r die da?nischen Tageszeitungen Jyllands-Posten und Berlingske."
Salva,Rubio,"Salva Rubio, geboren 1978 in Madrid, Szenarist, Schriftsteller, Historiker."
Sylvain,Savoia,"Sylvain Savoia, geboren 1969, lebt und arbeitet in Reims als Comiczeichner und Illustrator."
Boris Wiktorowitsch,Sawinkow,"Boris Sawinkow ist der Autor der Autobiographie ""Erinnerung eines Terroristen"", über seine Zeit als Mitglied der Kampforganisation der Partei der Sozialrevolutionäre. In dieser Funktion war er für zahlreiche Attentate auf höchste Repräsentanten des Zarismus sowie für Hinrichtungen von Verrätern und Spitzeln der Ochrana verantwortlich. Nach seiner Verhaftung und dem Todesurteil gelang ihm 1906 die Flucht ins Ausland. Er kehrte erst nach der Februar-Revolution 1917 nach Russland zurück und übernahm Regierungsverantwortung unter Kerenski. Nach der Oktoberrevolution beteiligte er sich an diversen Aufständen gegen die neue Herrschaft der Bolschewisten und starb 1925 in den Händen der sowjetischen Geheimpolizei Tscheka."
Oliver,Scheiber,"Oliver Scheiber, geboren 1968 in Wien, Jurist und Publizist. Er ist Vorstandsmitglied mehrerer zivilgesellschaftlicher Organisationen, engagiert sich im Menschenrechtsbereich und hält Lehraufträge an Hochschulen. Regelmäßige Beiträge u.a. in Die Zeit, Standard, Presse, Falter und Profil."
Thomas,Schmidinger,"Thomas Schmidinger, ist Politikwissenschaftler und Kultur- und Sozialanthropologe und lehrt an der Universität Wien und den Fachhochschulen Vorarlberg und Oberösterreich. Er ist Generalsekretär der Österreichischen Gesellschaft zur Förderung der Kurdologie und Mitherausgeber des Wiener Jahrbuchs für Kurdische Studien und schreibt regelmäßig für Medien wie Standard, Presse, Falter, Zeit und andere."
Georg,Seeßlen,"Georg Seeßlen, geboren 1948 in München, studierte Semiotik, Malerei und Kunstgeschichte und arbeitet als freier Autor, Feuilletonist und Filmkritiker."
Deborah,Sengl,"Deborah Sengl, geboren 1974 in Wien, studierte ab 1992 in der Meisterklasse von Mario Terzic an der Hochschule für Angewandte Kunst in Wien. Sengl schloss ihr Studium 1997 mit einem Diplom in der Meisterklasse von Christian Ludwig Attersee (Abteilung für bildende Kunst) ab. Seither zahlreiche Ausstellungen."
Franc,Sever – Franta,"Franc Sever – Franta, geboren 1923 in Šent Jurij (Slowenien), Pilot, Partisan und Autor, am 9. Mai 2019 zum Ehrenbürger von Ljubljana ernannt. Der Durchbruch seiner Einheit in den Kamnišker Alpen im März 1945 wurde 2019 unter dem Titel Prebojverfilmt."
Benoist,Simmat,"Benoist Simmat ist Journalist, Essayist und Szenarist, Autor von bisher rund dreißig Büchern. Als langjähriger Mitarbeiter der La Revue du Vin de France gehört die Welt des Weins zu seinem Spezialgebiet."
Zoran,Smiljani?,"Zoran Smiljani?, geb. 1961, ist ein slowenischer Comicautor, Illustrator, Karikaturist, Szenarist, grafischer Gestalter, Filmpublizist sowie Autor dreier Bücher zum Thema Film, neuerdings auch Drehbuchschreiber. Erste Veröffentlichungen im Jahr 1980, zwischen 1987 und 2016 publizierte er allein im slowenischen Wochenmagazin Mladina an die 1000 Comicseiten. Den Stoff für seine politisch engagierten und inhaltlich provokanten Comics schöpft er aus der slowenischen Gegenwart und jüngeren Vergangenheit. Wegen der Probleme, die er im Zuge des Zerfalls Jugoslawiens bekam, veröffentlichte er eine Zeitlang unter dem Pseudonym Vittorio de la Croce."
Ivan,Smiljani?,"Ivan Smiljani?, geboren 1994, Doktorand an der Universität Ljubljana. Autor von zwei Büchern und zahlreichen Artikeln."
Mikkel,Sommer,"Mikkel Sommer, geboren 1987 in Kopenhagen, lebt in Berlin und Athen als Illustrator, unter anderem fu?r New York Times, Cartoon Network und The New Yorker."
Jutta,Sommerbauer,"Jutta Sommerbauer, geboren 1977 in Wien, hat in Wien, Frankfurt/Oder und Sofia Politikwissenschaft, Medien und Interkulturelle Kommunikation studiert. Sie ist Außenpolitik- Redakteurin der österreichischen Tageszeitung Die Presse und verfolgt seit zehn Jahren politische und gesellschaftliche Entwicklungen in den Staaten der fru?heren Sowjetunion. Im Jahr 2016 veröffentlichte sie den Reportageband ""Die Ukraine im Krieg. Hinter den Frontlinien eines europäischen Konflikts"". Seit November 2017 ist sie Korrespondentin der Presse in Russland."
Doc,Sportello,Doc Sportello ist ein Übersetzungskollektiv aus der Schweiz. Selbiges betreibt auch den Blog kommunisierung.net um die französische post-marxistische Kommunisierungsdebatte deutschsprachigen LeserInnen zugänglich zu machen.
Evelyn,Steinthaler,"Evelyn Steinthaler, geb. 1971 in Celovec/Klagenfurt, Studium an der Uni Wien, Autorin und Übersetzerin. Für das Buch Frauen 1938 Auszeichnung mit dem Bruno-Kreisky-Anerkennungspreis für das Politische Buch. Weitere Veröffentlichungen: Morgen muß ich fort von hier (Biografie von Richard Tauber), Nicht nur in Worten, auch in der Tat (Hörbuch mit Käthe Sasso). Zuletzt erschien ihre Übersetzung von Austria – A Soldier’s Guide."
Sergius,Stepniak,"Sergius Stepniak
 
 Juli 1851 - Dezember 1859
 
 
 
 
 
 In der guten alten russischen Tradition der Konspirativität, Geheimhaltung und Tarnung ist Sergius Stepniak ein nom de guerre, hinter dem sich der eigentliche Name Sergius Michailowitsch Krawtschinsky verbirgt. Krawtschinsky (1851–1895) war einer der ganz zentralen Akteure der revolutionären Bewegungen im Russland des 19. Jahrhunderts.
 
 
 
 Geboren am 1. Juli 1851 als Sohn eines Militärarztes in dem in der heutigen Ukraine gelegenen Novy Starodub bleibt er nach der Militärschule in Moskau und der Artillerieschule in Petersburg im Dienst und steigt bis zum Oberlieutenant auf. Beim Militär wird er durch Tezakowicz und Rogaczew, mit dem ihm eine enge Freundschaft verbindet, in die Kreise der Revolutionäre eingeführt.
 
 
 
 Er verbringt Teile seiner Kindheit am Land bei den Bauern und seit dieser Zeit bestand eine tiefe Sympathie, die seine zuerst demokratischen und schliesslich revolutionären Einstellungen formte. 1874 wird er als verdächtig verhaftet, konnte aber beim Transport zum Gefängnis fliehen. Nun wird er mit einem gefälschten Pass Student am Forstinstitut in Petersburg und hier beginnt seine Agitation, zunächst unter den Bauern. Der weisse Schrecken der Regierung wütete gerade in Russland, und daher sah auch Stepniak den Terrorismus als das einzige geeignete Mittel der Wahl an. Und er beteiligte sich nun an vielen grossen Aktionen. So war er etwa federführend an der Befreiung seines Freundes Peter Kropotkin aus der Peter und Pauls-Festung in Petersburg beteiligt. Auch während dem Prozess der Hunderdreiundneunzig nimmt er an dem Versuch teil, Wolchowsky zu befreien. Schliesslich muss er 1877 Russland verlassen, um seine eigene Freiheit zu retten. Nach einem kurzen Aufenthalt in Genf schloss er sich der kleinen Rebellion in der italienischen Provinz Bevevento von Errico Malatesta an. Er kehrte 1878 nach Russland zurück, wo gerade der Prozess gegen Vera Sassulitsch am Laufen war. Über den Chef der Geheimpolizei, Mecenzcew, war von der Bewegung das Todesurteil gefällt worden, und Stepniak tötete ihn am 16. August 1878 mit Dolchstossen auf offener Strasse in Petersburg. Nun befand sich Stepniak, auf dessen Festnahme ein hoher Preis ausgesetzt war, in unterschiedlichen Regionen Russlands und setzte seine Agitation weiter fort, so gab er etwa zusammen mit Nikolai Morozov und Olga Liubatovich die Zeitung der Narodniki, Land und Freiheit, heraus. Doch die Schlinge zog sich immer enger um seinen Hals, und so musste er Russland 1880 endgültig verlassen. Nach einem kurzen Aufenthalt in der gerade für russische Revolutionäre beliebten Schweiz kam er nach London. Hier beginnt für ihn eine friedlichere, aber unermüdliche Tätigkeit, und er beherrscht die englische Sprache bald perfekt. Er ist in den revolutionären Zirkeln zusammen mit seinen FreundInnen Louise Michel, Peter Kropotkin oder Errico Malatesta unterwegs. Es folgten zahlreiche Schriften, die sich immer um die russischen Zustände drehen und die alle den Zweck haben, die russische Revolution zu fördern. Zu seinem Œuvre zählen neben Das unterirdische Russland etwa auch Der russische Bauer oder Die Laufbahn eines Nihilisten. Stepniak blieb zeit seines Lebens agitierender Revolutionär. Am 23. Dezember 1895 kommt er durch eine vorbeifahrende Eisenbahn, die er übersah, in der Nähe seiner Wohnung um.
 
 
 
 Das unterirdische Russland ist erstmals 1882 in englischer Sprache mit einem Vorwort von Peter Lawroff in London publiziert worden. In den nächsten beiden Jahren folgten Veröffentlichungen von Übersetzungen zuerst in Italien und dann in der Schweiz. Die von Max Trautner übersetzte schweizerische Ausgabe wurde 1884 in Bern herausgegeben und wird nun, 130 Jahre später, angepasst an unsere Schrift und Sprache, neu aufgelegt. Stepniaks erklärtes Ziel war es, Unterstützung für die revolutionäre Bewegung seines Landes ausserhalb von Russland zu finden und die Revolutionäre von anderswo über die Geschehnisse in Russland zu informieren. Schliesslich erschien 1893 in Russland eine von ihm selbst angefertigte Übersetzung, die unter den jungen russischen Revolutionären extrem populär wurde. Sein Buch wird heute in Russland nach wie vor als Klassiker der Narodniki-Bewegung betrachtet."
Marlene,Streeruwitz,"Marlene Streeruwitz, geboren in Baden bei Wien, Studium der Slawistik und Kunstgeschichte, seit 1986 literarische Veröffentlichungen. Zahlreiche Preise für Hörspiele und Theaterstücke. Ab 1996 Romane und Novellen. So ist die Welt geworden. ist ein politisches Forschungsprojekt mit literarischen Mitteln im Kontext der seit 2001 erschienen Wahlkampfromane, die sie die Wahlen in Österreich begleitend im Internet veröffentlicht. Der Covid-19-Roman erscheint nun als 13. Roman der Autorin. Bis zur Coronakrise in New York, London und Wien verortet. Derzeit Wien."
Arven Šakti,Kralj Szomi,"Arven Šakti Kralj Szomi, geboren 1974 im slowenischen Kranj, verbrachte ihre Jugend in England und ist Fotografin und Übersetzerin."
Bakos,Tamás,"Bakos Tamás, geb. 1976 in Nagyk?rös/Ungarn. Volks- und Mittelschule, Kellnerlehre, Autodidakt. Zwischen 2000 und 2013 obdachlos in Budapest. Nach einer schweren Schussverletzung lebt er wieder in seinem Geburtsort. Seit 2014 zahlreiche Einzelausstellungen und Präsentationen auf internationalen Kunstmessen."
Antonio,Téllez Solá,"Antonio Téllez wurde geboren im katalanischen Tarragona. Er war gerade 16, als der spanische Bürgerkrieg ausbrach. Sofort trat er der libertären Jugend bei und kämpfte gegen Kriegsende auf „republikanischer“ Seite. Im Exil in Frankreich schloss er sich der Résistance an und nahm 1944 an der gescheiterten Invasion einer Guerrillaarmee in den spanischen Pyrenäen teil. Danach unterstütze er aktiv den antifranquistischen Widerstand und reiste zu diesem Zweck selbst nach Spanien. Später arbeitete er als Journalist in Frankreich, wo er 2005 starb. Der Anarchismus war seine Weltanschauung, der Kampf gegen den Franquismus und der bewaffnete Kampf der Guerrilla war sein eigener. Mit Leuten wie Sabaté, Facerías und anderen war er persönlich bekannt, vielleicht befreundet. Vermuten lässt sich auch, dass Antonio Téllez einer dieser vielen kulturbegeisterten Arbeiter Spaniens war. Ein Kind eines Eisenbahners, wie Téllez eines war, genoss in der harschen spanischen Klassengesellschaft in der ersten Hälfte des 20. Jahrhunderts in aller Regel wenig Schulbildung. Der spanische Anarchismus setzte dem eine Art kulturelle Selbstemanzipation entgegen – mittels eigener Schulen, Bibliotheken, Kulturtreffs (so genannte ateneos) und Bildungsexkursionen. In der Folge brachte die libertäre Bewegung eine Reihe von Historikern hervor, die man als Autodidakten bezeichnen kann, da sie nie eine Universität besuchten. Antonio Téllez war einer von ihnen. Stuart Christie schreibt in einem Nachruf über Téllez: „Sein Archiv war riesig und seine Wohnung, von der aus man über den [Pariser] Friedhof Pêre Lachaise sah, war vom Boden bis zur Decke vollgestopft mit Ordnern, Dokumenten und Fotoalben. Es war beachtlich, was er herausgefunden hatte, wenn man bedenkt, dass sein Forschungsthema besonders schwierig war. Denn dabei handelte es sich um geheim operierende Gruppen und um verschlossene, individualistische Militante, die eher Aktivisten denn Theoretiker waren […].“"
Jolanda,Terenzio,"Jolanda Terenzio, griechische Schriftstellerin und Journalistin (1922–2006), war Korrespondentin der BBC in Griechenland. ""413 Tage"" erschien 1983 im Verlag Hestia in Athen und wurde ins Spanische und Französische übersetzt."
Thomas,Theodoroudis,"Thomas Theodoroudis ist Philosoph, Kellner, Motorrad-Rowdy und arbeitet seit einigen Jahren in einer von ihm mitbegründeten kollektiven Tavernenbuchhandlung."
Alphons,Thun,Zu dieser Autor:in gibt es noch keinen Text.
Steve,Tilzey,Zu dieser Autor:in gibt es noch keinen Text.
Marek,Toman,"Marek Toman, Marek Toman, geboren 1967, studierte Philosophie, arbeitete beim Tschechischen Radio und als Diplomat in Estland und Ungarn. Als Romancier, Dichter und Übersetzer widmet er sich leidenschaftlich der jüdischen Kultur – der Kultur seines Vaters, den er früh im Leben verlor. Das gemeinsame Thema seiner Bücher sind die Beziehungen zwischen den Generationen."
Alia,Trabucco Zerán,"Alia Trabucco Zerán, geboren 1983 in Chile, Studium in New York und London, Juristin und mehrfach ausgezeichnete Schriftstellerin."
Séverine,Tréfouel,"Séverine Tréfouël, geboren 1981 in Frankreich, Szenaristin und Autorin, zahlreiche Veröffentlichungen, etwa ""Cartier-Bresson, Deutschland 1945""."
Eddy,Vaccaro,"Eddy Vaccaro, geboren 1973 in La Ciotat (F), studierte Kunst in Aix-en-Provence, lebt als Musiker und Comiczeichner in Marseille."
Paolo,Valentini,Zu dieser Autor:in gibt es noch keinen Text.
Jan,Valtin,Zu dieser Autor:in gibt es noch keinen Text.
Marcel,van der Linden,"Marcel van der Linden studierte eigentlich Soziologie, ist heute aber niederländischer Historiker und Professor für die Geschichte sozialer Bewegungen an der Universität Amsterdam. Er forscht zur Geschichte der europäischen und globalen ArbeiterInnenbewegung und veröffentlichte zahlreiche Studien und Artikel dazu. Ausserdem ist er Forschungsdirektor am grössten Anarchismus-Archiv der Welt, dem Internationalen Institut für Sozialgeschichte, das ebenfalls in Amsterdam beheimatet ist. 2009 bekleidete er eine Gastprofessur an der Universität Wien."
Alfredo,Villar,Zu dieser Autor:in gibt es noch keinen Text.
Gregor,Wakounig,"Greogor Wakounig, geboren in Borovlje in Kärnten, ist Japanologe, Übersetzer und Journalist und studierte in Japan."
Josef,Weidenholzer,"Josef Weidenholzer ist Soziologe und emeritierter Professor fu?r Gesellschaftspolitik und Sozialpolitik, war langja?hriger Pra?sident der Volkshilfe und von 2011 bis 2019 Mitglied des Europa?ischen Parlaments."
Kalmen,Wewryk,"Kalmen Wewryk wurde 1906 in Chelm geboren. Er heiratete seine Freundin Yocherved und die beiden bekamen 1934 einen Sohn namens Yossele, 1939 kam ihre Tochter Pesha zur Welt. Im Jahr 1942 wurde seine Familie bei einer Aktion im Ghetto festgenommen. Kalmen Wewryk hat seit dem nichts mehr von seiner Frau und seinen beiden Kindern gehört. Im Herbst 1942 wurde auch er verhaftet und nach Sobibór gebracht. Dort entging er der direkten Ermordung, indem er als Zimmermann Zwangsarbeit leistete. Nach der Flucht durch den Aufstand am 14. Oktober 1943 versteckte er sich monatelang in den Wäldern in der Umgebung von Chelm. Durch Glück stieß er auf eine Gruppe russischer Partisanen, schloss sich ihnen an und befreite als Mitglied der Roten Armee seine Heimatstadt von den deutschen Besatzern. 1956 wanderte er über Frankreich nach Kanada aus, wo er bis zu seiner Pensionierung 1968 als Zimmerer arbeitete."
Jankiel,Wiernik,"Jankiel Wiernik entging als Zimmermann im Vernichtungslager Treblinka ein Jahr lang dem Tod und konnte beim Aufstand am 2. August 1943 entkommen. Er schloss sich dem polnischen Widerstand an und verfasste 1944 diesen Erlebnisbericht, der als eine der frühen und zentralen Quellen über die Vernichtung des europäischen Judentums gilt. Der Text konnte nach London geschmuggelt werden, wurde übersetzt und erschien 1944 zum ersten Mal in New York. 70 Jahre nach der Erstveröffentlichung liegt nun eine Übersetzung auf Deutsch vor. Wiernik war Zeuge beim Prozess gegen Adolf Eichmann 1961, das Coverbild zeigt ihn mit einem Modell des Lagers. Er verstarb 1971 in Israel."
Daniel,Wisser,"Daniel Wisser, geboren 1971, Schriftsteller und Kulturpessimist, 2018 Österreichischer Buchpreis für Königin der Berge, 2021 erschien der Roman Wir bleiben noch."
Aleksandar,Zograf,"Alexander Zograf (eigentlich Saša Rakezi?), geboren 1963 in Pan?evo, Jugoslawien, lebt und arbeitet in Belgrad als Comicautor und Zeichner, u.a. für die Wochenzeitung Vreme. Seine Werke wurden in über 15 Sprachen übersetzt und etwa bei Fantagraphics (USA) oder L’Association (F) veröffentlicht."